{"activity": "Lambda Scan Stitching", "progress_percent": 16.666666666666664, "timestamp": 1764723471.0146096, "eta_seconds": 106.6492247581482, "n": 1, "total": 6}