{"activity": "Lambda Scan Stitching", "progress_percent": 83.33333333333334, "timestamp": 1764721939.1197493, "eta_seconds": 21.329943633246423, "n": 5, "total": 6}